group,member,pem,score,q1,q2,q3,q4,q5,q6,q7,feedback
A-Team,Faceman,0.9917,30.0,5.0,3.0,5.0,3.0,4.0,5.0,5.0,Just some thoughts about this... 
A-Team,Hannibal,1.0248,31.0,4.0,5.0,4.0,5.0,3.0,5.0,5.0,Just some thoughts about this... 
A-Team,Mr. T,1.0579,32.0,4.0,4.0,5.0,5.0,5.0,5.0,4.0,Just some thoughts about this... 
A-Team,Murdock,0.9256,28.0,4.0,3.0,4.0,2.0,4.0,5.0,6.0,Just some thoughts about this... 
J-Team,Jackie,1.0129,22.25,3.5,3.5,3.25,3.25,3.0,2.75,3.0,Answer
J-Team,Jaimie,0.9863,21.6667,3.0,3.3333,3.0,3.3333,3.0,3.0,3.0,sfsfas
J-Team,Jimmy,1.0186,22.375,2.3,3.75,3.275,3.25,3.275,3.025,3.5,Blah
J-Team,Johnny,0.9788,21.5,4.0,3.75,4.0,3.6667,4.0,3.6667,3.0,johnny comments
