group,name,score,pem
A-Team,Faceman,30.0,0.992
A-Team,Hannibal,31.0,1.025
A-Team,Mr. T,32.0,1.058
A-Team,Murdock,28.0,0.926
J-Team,Jackie,22.25,1.013
J-Team,Jaimie,21.67,0.986
J-Team,Jimmy,22.38,1.019
J-Team,Johnny,21.5,0.979
